<!DOCTYPE mapper
    PUBLIC "-//mybatis.org//DTD Mapper 3.0//EN"
    "https://mybatis.org/dtd/mybatis-3-mapper.dtd">

<mapper namespace="com.lgy.paging_oracle.dao.BoardDAO">

    <select id="list" resultType="com.lgy.paging_oracle.dto.BoardDTO">
        select boardNo, boardName, boardTitle, boardContent, boardDate, boardHit from tbl_board
    </select>

    <select id="listWithPaging" resultType="com.lgy.paging_oracle.dto.BoardDTO">
    <!--     <![CDATA[]]> : mybatis 에서 특수문자 인식 처리 -->
    	<![CDATA[
		select boardNo, boardName, boardTitle, boardContent, boardDate, boardHit 
		  FROM (select ROWNUM rn, boardNo, boardName, boardTitle, boardContent, boardDate, boardHit 
		          from tbl_board
		         WHERE ROWNUM <= (#{pageNum}*#{amount})
		         ORDER BY boardno DESC
		       )
		 WHERE rn > (#{pageNum}-1) * #{amount}
    	]]>
    </select>
    
    <insert id="write">
    	insert into tbl_board(boardName, boardTitle, boardContent) values(#{boardName},#{boardTitle},#{boardContent})
    </insert>

    <select id="contentView" resultType="com.lgy.paging_oracle.dto.BoardDTO">
    	select boardNo, boardName, boardTitle, boardContent, boardDate, boardHit from tbl_board where boardNo=#{boardNo}
    </select>
    
    <update id="modify">
    	update tbl_board set boardName=#{boardName}, boardTitle=#{boardTitle}, boardContent=#{boardContent} 
    	 where boardNo=#{boardNo}
    </update>
    
    <delete id="delete">
    	delete from tbl_board where boardNo=#{boardNo}
    </delete>

</mapper>