<!DOCTYPE mapper
    PUBLIC "-//mybatis.org//DTD Mapper 3.0//EN"
    "https://mybatis.org/dtd/mybatis-3-mapper.dtd">

<mapper namespace="com.lgy.paging_search_oracle.dao.BoardDAO">
<!-- id는 include refid 와 매칭 -->
<!-- (btitle like '%' || 'app' ||'%') AND 쿼리 참고 -->
	<sql id="criteria">
<!-- 	prefix : 쿼리 내용 시작할때 추가 -->
<!-- 	suffix : 쿼리 내용 종료할때 추가 -->
<!-- prefixOverrides : 쿼리 내용에서 시작시 삭제하는 문자열 -->
		<trim prefix="(" suffix=") AND" prefixOverrides="OR">
<!-- 		item="type" : 분기처리 기준 -->
<!-- collection="typeArr" : type 값을 처리(mybatis 에서 getTypeArr() 메소드 호출) -->
			<foreach item="type" collection="typeArr">
<!-- 			type 이 TC, TW, TCW 가 오면 type.split("") 로 분리 처리 -->
<!-- trim prefix="OR" : 조건이 2개이상일때 OR 를 추가 -->
				<trim prefix="OR">
					<choose>
					<!-- 검색조건이 제목일때 -->
						<when test="type == 'T'.toString()">
							boardTitle like '%' || #{keyword} || '%'
						</when>
					<!-- 검색조건이 내용일때 -->
						<when test="type == 'C'.toString()">
							boardContent like '%' || #{keyword} || '%'
						</when>
					<!-- 검색조건이 작성자일때 -->
						<when test="type == 'W'.toString()">
							boardName like '%' || #{keyword} || '%'
						</when>
					</choose>
				</trim>
			</foreach>
		</trim>
	</sql>
	<sql id="criteria2">
		<if test='type == "T"'>
			(boardTitle like '%' || #{keyword} || '%') AND
		</if>
		<if test='type == "C"'>
			(boardContent like '%' || #{keyword} || '%') AND
		</if>
		<if test='type == "W"'>
			(boardName like '%' || #{keyword} || '%') AND
		</if>
		<if test='type == "TC"'>
			(boardTitle like '%' || #{keyword} || '%' OR boardContent like '%' || #{keyword} || '%') AND
		</if>
		<if test='type == "TW"'>
			(boardTitle like '%' || #{keyword} || '%' OR boardName like '%' || #{keyword} || '%') AND
		</if>
		<if test='type == "TCW"'>
			(boardTitle like '%' || #{keyword} || '%' OR boardContent like '%' || #{keyword} || '%' OR boardName like '%' || #{keyword} || '%') AND
		</if>
	</sql>
    <select id="listWithPaging" resultType="com.lgy.paging_search_oracle.dto.BoardDTO">
    <!--     <![CDATA[]]> : mybatis 에서 특수문자 인식 처리 -->
    	<![CDATA[
			SELECT rn, boardNo, boardName, boardTitle, boardContent, boardDate, boardHit
			 FROM (SELECT rownum rn, boardNo, boardName, boardTitle, boardContent, boardDate, boardHit 
			         FROM (SELECT boardNo, boardName, boardTitle, boardContent, boardDate, boardHit
			                 FROM tbl_board
			        		ORDER BY boardno DESC
			              )
			        WHERE 
    	]]>
<!--     	<include refid="criteria"></include> -->
    	<include refid="criteria2"></include>
<!-- 		<if test='type == "T"'> -->
<!-- 			(boardTitle like '%' || #{keyword} || '%') AND -->
<!-- 		</if> -->
<!-- 		<if test='type == "C"'> -->
<!-- 			(boardContent like '%' || #{keyword} || '%') AND -->
<!-- 		</if> -->
<!-- 		<if test='type == "W"'> -->
<!-- 			(boardName like '%' || #{keyword} || '%') AND -->
<!-- 		</if> -->
<!-- 		<if test='type == "TC"'> -->
<!-- 			(boardTitle like '%' || #{keyword} || '%' OR boardContent like '%' || #{keyword} || '%') AND -->
<!-- 		</if> -->
<!-- 		<if test='type == "TW"'> -->
<!-- 			(boardTitle like '%' || #{keyword} || '%' OR boardName like '%' || #{keyword} || '%') AND -->
<!-- 		</if> -->
<!-- 		<if test='type == "TCW"'> -->
<!-- 			(boardTitle like '%' || #{keyword} || '%' OR boardContent like '%' || #{keyword} || '%' OR boardName like '%' || #{keyword} || '%') AND -->
<!-- 		</if> -->
    	<![CDATA[
				ROWNUM <= (#{pageNum} * #{amount})
			      )
			 WHERE rn > (#{pageNum}-1) * #{amount}
 		]]>
    </select>
<!--     <select id="listWithPaging" resultType="com.lgy.paging_search_oracle.dto.BoardDTO"> -->
<!--         <![CDATA[]]> : mybatis 에서 특수문자 인식 처리 -->
<!--     	<![CDATA[ -->
<!-- 			SELECT boardNo, boardName, boardTitle, boardContent, boardDate, boardHit  -->
<!-- 			from (SELECT rownum rn, boardNo, boardName, boardTitle, boardContent, boardDate, boardHit  -->
<!-- 			              FROM tbl_board -->
<!-- 			            WHERE -->
<!--     	]]> -->
<!--     	<include refid="criteria"></include> -->
<!--     	<![CDATA[ -->
<!-- 			            	  ROWNUM <= (#{pageNum} * #{amount}) -->
<!-- 			            order by boardNo desc -->
<!-- 			) -->
<!-- 			WHERE rn > (#{pageNum}-1) * #{amount} -->
<!--  		]]> -->
<!--     </select> -->
<!--     <select id="listWithPaging" resultType="com.lgy.paging_search_oracle.dto.BoardDTO"> -->
<!--         <![CDATA[]]> : mybatis 에서 특수문자 인식 처리 -->
<!--     	<![CDATA[ -->
<!-- 		select boardNo, boardName, boardTitle, boardContent, boardDate, boardHit  -->
<!-- 		  FROM (select ROWNUM rn, boardNo, boardName, boardTitle, boardContent, boardDate, boardHit  -->
<!-- 		          from tbl_board -->
<!-- 		         WHERE ROWNUM <= (#{pageNum}*#{amount}) -->
<!-- 		         ORDER BY boardno DESC -->
<!-- 		       ) -->
<!-- 		 WHERE rn > (#{pageNum}-1) * #{amount} -->
<!--     	]]> -->
<!--     </select> -->
    
    <select id="list" resultType="com.lgy.paging_search_oracle.dto.BoardDTO">
        select boardNo, boardName, boardTitle, boardContent, boardDate, boardHit from tbl_board
    </select>
    
    <insert id="write">
    	insert into tbl_board(boardName, boardTitle, boardContent) values(#{boardName},#{boardTitle},#{boardContent})
    </insert>

    <select id="contentView" resultType="com.lgy.paging_search_oracle.dto.BoardDTO">
    	select boardNo, boardName, boardTitle, boardContent, boardDate, boardHit from tbl_board where boardNo=#{boardNo}
    </select>
    
    <update id="modify">
    	update tbl_board set boardName=#{boardName}, boardTitle=#{boardTitle}, boardContent=#{boardContent} 
    	 where boardNo=#{boardNo}
    </update>
    
    <delete id="delete">
    	delete from tbl_board where boardNo=#{boardNo}
    </delete>

    <select id="getTotalCount" resultType="int">
		select count(*) from tbl_board
		where
		<include refid="criteria2"></include>
		1=1
    </select>
</mapper>












